id,kategori,niyet,baslik,kurum,belge_turu,kart
BM-001,bilgilendirme_metni,03_uyari_guvenlik,"TAREKS, PGDBİS ve İthalat Sistemlerinde Planlı Kesinti",Ticaret Bakanlığı,yayimlanmis_resmi_bilgilendirme,03_bilgilendirme_metni/03_uyari_guvenlik/BM-001_tareks-pgdbis-ve-ithalat-sistemlerinde-planli-kesinti.md
BM-002,bilgilendirme_metni,03_uyari_guvenlik,Yunanistan’daki Gümrük Personelinin Olası Grevi,Ticaret Bakanlığı,yayimlanmis_resmi_bilgilendirme,03_bilgilendirme_metni/03_uyari_guvenlik/BM-002_yunanistan-daki-gumruk-personelinin-olasi-grevi.md
BM-003,bilgilendirme_metni,01_islem_sureci,EBYS Kurum Dışı Erişimi Hakkında Duyuru,Ticaret Bakanlığı,yayimlanmis_resmi_bilgilendirme,03_bilgilendirme_metni/01_islem_sureci/BM-003_ebys-kurum-disi-erisimi-hakkinda-duyuru.md
BM-004,bilgilendirme_metni,01_islem_sureci,BASİTLEŞTİRİLMİŞ GÜMRÜK BEYANNAMESİ KAPSAMINDA AB’YE İHRACATTA ELEKTRONİK A.TR DOLAŞIM BELGESİ SİSTEMİ KULLANIMA SUNULDU,Ticaret Bakanlığı,yayimlanmis_resmi_bilgilendirme,03_bilgilendirme_metni/01_islem_sureci/BM-004_basitlestirilmis-gumruk-beyannamesi-kapsaminda-ab-ye-ihracatta-elektroni.md
BM-005,bilgilendirme_metni,03_uyari_guvenlik,TAREKS Planlı Kesinti,Ticaret Bakanlığı,yayimlanmis_resmi_bilgilendirme,03_bilgilendirme_metni/03_uyari_guvenlik/BM-005_tareks-planli-kesinti.md
BM-006,bilgilendirme_metni,06_etkinlik_program,E – TİCARETİ GÜÇLENDİRME PROJESİ – VAN PROGRAMI – 22 TEMMUZ 2026,Ticaret Bakanlığı,yayimlanmis_resmi_bilgilendirme,03_bilgilendirme_metni/06_etkinlik_program/BM-006_e-ticareti-guclendirme-projesi-van-programi-22-temmuz-2026.md
BM-007,bilgilendirme_metni,06_etkinlik_program,E – TİCARETİ GÜÇLENDİRME PROJESİ – ERZURUM PROGRAMI – 17 TEMMUZ 2026,Ticaret Bakanlığı,yayimlanmis_resmi_bilgilendirme,03_bilgilendirme_metni/06_etkinlik_program/BM-007_e-ticareti-guclendirme-projesi-erzurum-programi-17-temmuz-2026.md
BM-008,bilgilendirme_metni,02_duyuru,E-Ticareti Güçlendirme Projesi Ordu’da Büyük İlgi Gördü,Ticaret Bakanlığı,yayimlanmis_resmi_bilgilendirme,03_bilgilendirme_metni/02_duyuru/BM-008_e-ticareti-guclendirme-projesi-ordu-da-buyuk-ilgi-gordu.md
BM-009,bilgilendirme_metni,02_duyuru,TİCARET BAKANLIĞI TARAFINDAN YAPILAN YURT DIŞI YATIRIM ANKETİ SONUÇLARI AÇIKLANDI - 19.06.2026,Ticaret Bakanlığı,yayimlanmis_resmi_bilgilendirme,03_bilgilendirme_metni/02_duyuru/BM-009_ticaret-bakanligi-tarafindan-yapilan-yurt-disi-yatirim-anketi-sonuclari.md
BM-010,bilgilendirme_metni,02_duyuru,Basitleştirilmiş Gümrük Beyannamesi Kapsamında İhracat Rotaları 2025,Ticaret Bakanlığı,yayimlanmis_resmi_bilgilendirme,03_bilgilendirme_metni/02_duyuru/BM-010_basitlestirilmis-gumruk-beyannamesi-kapsaminda-ihracat-rotalari-2025.md
BM-011,bilgilendirme_metni,02_duyuru,Expo 2027 Belgrad Piyasa - Fiyat Araştırması Hk.,Ticaret Bakanlığı,yayimlanmis_resmi_bilgilendirme,03_bilgilendirme_metni/02_duyuru/BM-011_expo-2027-belgrad-piyasa-fiyat-arastirmasi-hk.md
BM-012,bilgilendirme_metni,06_etkinlik_program,Ticaret Bakanlığı İhracat Süreçleri ve Devlet Destekleri Eğitim Programı – 23-24-25 Haziran 2026,Ticaret Bakanlığı,yayimlanmis_resmi_bilgilendirme,03_bilgilendirme_metni/06_etkinlik_program/BM-012_ticaret-bakanligi-ihracat-surecleri-ve-devlet-destekleri-egitim-programi.md
BM-013,bilgilendirme_metni,05_kamuoyu_aciklamasi,Türkiye’de E-Ticaretin Görünümü Raporu 2025 İngilizce Versiyonu Yayımlandı,Ticaret Bakanlığı,yayimlanmis_resmi_bilgilendirme,03_bilgilendirme_metni/05_kamuoyu_aciklamasi/BM-013_turkiye-de-e-ticaretin-gorunumu-raporu-2025-ingilizce-versiyonu-yayimlan.md
BM-014,bilgilendirme_metni,02_duyuru,ÜLKEMİZDEN AVRUPA’YA YAPILAN KARAYOLU TAŞIMALARINDA ENS YÜKÜMLÜLÜĞÜNE İLİŞKİN BİLGİLENDİRME,Ticaret Bakanlığı,yayimlanmis_resmi_bilgilendirme,03_bilgilendirme_metni/02_duyuru/BM-014_ulkemizden-avrupa-ya-yapilan-karayolu-tasimalarinda-ens-yukumlulugune-il.md
BM-015,bilgilendirme_metni,02_duyuru,Türkiye PEM Matrisi Güncellemesi  (20 Mayıs 2026),Ticaret Bakanlığı,yayimlanmis_resmi_bilgilendirme,03_bilgilendirme_metni/02_duyuru/BM-015_turkiye-pem-matrisi-guncellemesi-20-mayis-2026.md
BM-016,bilgilendirme_metni,01_islem_sureci,Sistem Çalışması Ertelemesi Hakkında -16.05.2026,Ticaret Bakanlığı,yayimlanmis_resmi_bilgilendirme,03_bilgilendirme_metni/01_islem_sureci/BM-016_sistem-calismasi-ertelemesi-hakkinda-16-05-2026.md
BM-017,bilgilendirme_metni,06_etkinlik_program,E – TİCARETİ GÜÇLENDİRME PROJESİ – ORDU PROGRAMI - 23 HAZİRAN 2026,Ticaret Bakanlığı,yayimlanmis_resmi_bilgilendirme,03_bilgilendirme_metni/06_etkinlik_program/BM-017_e-ticareti-guclendirme-projesi-ordu-programi-23-haziran-2026.md
BM-018,bilgilendirme_metni,03_uyari_guvenlik,Planlı İnternet Altyapı Çalışması ve Erişim Kesintisi Duyurusu -16.05.2026,Ticaret Bakanlığı,yayimlanmis_resmi_bilgilendirme,03_bilgilendirme_metni/03_uyari_guvenlik/BM-018_planli-internet-altyapi-calismasi-ve-erisim-kesintisi-duyurusu-16-05-202.md
BM-019,bilgilendirme_metni,05_kamuoyu_aciklamasi,Türkiye'de E-Ticaretin Görünümü Raporu Yayınlandı- 12.05.2026,Ticaret Bakanlığı,yayimlanmis_resmi_bilgilendirme,03_bilgilendirme_metni/05_kamuoyu_aciklamasi/BM-019_turkiye-de-e-ticaretin-gorunumu-raporu-yayinlandi-12-05-2026.md
BM-020,bilgilendirme_metni,03_uyari_guvenlik,Planlı İnternet Altyapı Çalışması ve Erişim Kesintisi Duyurusu-11.05.2026,Ticaret Bakanlığı,yayimlanmis_resmi_bilgilendirme,03_bilgilendirme_metni/03_uyari_guvenlik/BM-020_planli-internet-altyapi-calismasi-ve-erisim-kesintisi-duyurusu-11-05-202.md
BM-021,bilgilendirme_metni,01_islem_sureci,DİJİTAL GÜMRÜK İŞLEMLERİNİN YENİ HALKASI : ARAŞTIRMA GELİŞTİRME SÜREÇLERİ,Ticaret Bakanlığı,yayimlanmis_resmi_bilgilendirme,03_bilgilendirme_metni/01_islem_sureci/BM-021_dijital-gumruk-islemlerinin-yeni-halkasi-arastirma-gelistirme-surecleri.md
BM-022,bilgilendirme_metni,06_etkinlik_program,Ticaret Bakanlığı İhracat Süreçleri ve Devlet Destekleri Eğitim Programı – 20-21-22 Mayıs 2026,Ticaret Bakanlığı,yayimlanmis_resmi_bilgilendirme,03_bilgilendirme_metni/06_etkinlik_program/BM-022_ticaret-bakanligi-ihracat-surecleri-ve-devlet-destekleri-egitim-programi.md
BM-023,bilgilendirme_metni,03_uyari_guvenlik,Planlı İnternet Altyapı Çalışması ve Erişim Kesintisi Duyurusu,Ticaret Bakanlığı,yayimlanmis_resmi_bilgilendirme,03_bilgilendirme_metni/03_uyari_guvenlik/BM-023_planli-internet-altyapi-calismasi-ve-erisim-kesintisi-duyurusu.md
BM-024,bilgilendirme_metni,06_etkinlik_program,E- İHRACATIN YENİ UZMANLARI BU PROGRAMDA YETİŞECEK,Ticaret Bakanlığı,yayimlanmis_resmi_bilgilendirme,03_bilgilendirme_metni/06_etkinlik_program/BM-024_e-ihracatin-yeni-uzmanlari-bu-programda-yetisecek.md
BM-025,bilgilendirme_metni,02_duyuru,ÜLKEMİZ KOOPERATİFÇİLİĞİNDE DİJİTAL DÖNEM BAŞLIYOR!,Ticaret Bakanlığı,yayimlanmis_resmi_bilgilendirme,03_bilgilendirme_metni/02_duyuru/BM-025_ulkemiz-kooperatifciliginde-dijital-donem-basliyor.md
BM-026,bilgilendirme_metni,05_kamuoyu_aciklamasi,2026 Yılı Kurumsal Mali Durum ve Beklentiler Raporu kamuoyunun bilgisine sunulmuştur.,Ulaştırma ve Altyapı Bakanlığı,yayimlanmis_resmi_bilgilendirme,03_bilgilendirme_metni/05_kamuoyu_aciklamasi/BM-026_2026-yili-kurumsal-mali-durum-ve-beklentiler-raporu-kamuoyunun-bilgisine.md
BM-027,bilgilendirme_metni,01_islem_sureci,KPSS-2026/1 Yerleştirme Sonuçlarına göre Ulaştırma ve Altyapı Bakanlığına Yerleştirilenlere İlişkin Duyuru,Ulaştırma ve Altyapı Bakanlığı,yayimlanmis_resmi_bilgilendirme,03_bilgilendirme_metni/01_islem_sureci/BM-027_kpss-2026-1-yerlestirme-sonuclarina-gore-ulastirma-ve-altyapi-bakanligin.md
BM-028,bilgilendirme_metni,02_duyuru,Karayolları Genel Müdürlüğü Personel Dairesi Başkanlığı Açıktan Personel Alım İlanı,Ulaştırma ve Altyapı Bakanlığı,yayimlanmis_resmi_bilgilendirme,03_bilgilendirme_metni/02_duyuru/BM-028_karayollari-genel-mudurlugu-personel-dairesi-baskanligi-aciktan-personel.md
BM-029,bilgilendirme_metni,03_uyari_guvenlik,Kıyı Emniyeti Genel Müdürlüğü Türkiye İş Kurumu (İŞKUR) Üzerinden Sürekli İşçi Alım Duyurusu,Ulaştırma ve Altyapı Bakanlığı,yayimlanmis_resmi_bilgilendirme,03_bilgilendirme_metni/03_uyari_guvenlik/BM-029_kiyi-emniyeti-genel-mudurlugu-turkiye-is-kurumu-iskur-uzerinden-surekli.md
BM-030,bilgilendirme_metni,01_islem_sureci,Karayolları Genel Müdürlüğü - ÖSYM Merkezi Yerleştirme Duyurusu,Ulaştırma ve Altyapı Bakanlığı,yayimlanmis_resmi_bilgilendirme,03_bilgilendirme_metni/01_islem_sureci/BM-030_karayollari-genel-mudurlugu-osym-merkezi-yerlestirme-duyurusu.md
BM-031,bilgilendirme_metni,06_etkinlik_program,Ulaştırma ve Altyapı Bakanlığı Kurum İdari Kurulu Toplantı Duyurusu,Ulaştırma ve Altyapı Bakanlığı,yayimlanmis_resmi_bilgilendirme,03_bilgilendirme_metni/06_etkinlik_program/BM-031_ulastirma-ve-altyapi-bakanligi-kurum-idari-kurulu-toplanti-duyurusu.md
BM-032,bilgilendirme_metni,02_duyuru,30 (Otuz) Sürekli İşçi Alımı Sözlü ve Sözlü/Uygulamalı Sınav Sonucu Hakkında Duyuru,Ulaştırma ve Altyapı Bakanlığı,yayimlanmis_resmi_bilgilendirme,03_bilgilendirme_metni/02_duyuru/BM-032_30-otuz-surekli-isci-alimi-sozlu-ve-sozlu-uygulamali-sinav-sonucu-hakkin.md
BM-033,bilgilendirme_metni,02_duyuru,Karayolları Genel Müdürlüğü 6. Bölge Müdürlüğüne Bağlı Kayseri ili Sınırları İçerisindeki İşyerlerine Süresi Belirli Olmayan Sürekli İş Sözleşmesi İle Çalıştırılmak Üzere TMY kapsamında 1 İşçi Alınacaktır.,Ulaştırma ve Altyapı Bakanlığı,yayimlanmis_resmi_bilgilendirme,03_bilgilendirme_metni/02_duyuru/BM-033_karayollari-genel-mudurlugu-6-bolge-mudurlugune-bagli-kayseri-ili-sinirl.md
BM-034,bilgilendirme_metni,02_duyuru,Sürekli İşçi Alımına İlişkin Noter Çekilişi Sonuçları ve Sözlü ve Sözlü/Uygulamalı Sınava Katılacak Adaylar Hakkında Duyuru,Ulaştırma ve Altyapı Bakanlığı,yayimlanmis_resmi_bilgilendirme,03_bilgilendirme_metni/02_duyuru/BM-034_surekli-isci-alimina-iliskin-noter-cekilisi-sonuclari-ve-sozlu-ve-sozlu.md
BM-035,bilgilendirme_metni,02_duyuru,Sürekli İşçi Alımına İlişkin Noter Çekilişi Hakkında Duyuru,Ulaştırma ve Altyapı Bakanlığı,yayimlanmis_resmi_bilgilendirme,03_bilgilendirme_metni/02_duyuru/BM-035_surekli-isci-alimina-iliskin-noter-cekilisi-hakkinda-duyuru.md
BM-036,bilgilendirme_metni,02_duyuru,Sürekli İşçi Alımına İlişkin Noter Çekilişi Hakkında Duyuru,Ulaştırma ve Altyapı Bakanlığı,yayimlanmis_resmi_bilgilendirme,03_bilgilendirme_metni/02_duyuru/BM-036_surekli-isci-alimina-iliskin-noter-cekilisi-hakkinda-duyuru.md
BM-037,bilgilendirme_metni,06_etkinlik_program,Bulgaristan Varna'da Düzenlenecek Olan IRF Global Zirvesi/ 3-4 Haziran 2026,Ulaştırma ve Altyapı Bakanlığı,yayimlanmis_resmi_bilgilendirme,03_bilgilendirme_metni/06_etkinlik_program/BM-037_bulgaristan-varna-da-duzenlenecek-olan-irf-global-zirvesi-3-4-haziran-20.md
BM-038,bilgilendirme_metni,04_mevzuat_hak_yukumluluk,3713 sayılı Terörle Mücadele Kanunu Kapsamında Aile ve Sosyal Hizmetler Bakanlığı Tarafından 17.03.2026 Tarihinde Gerçekleştirilen Atama Teklifi Kura Sonuçlarına Göre Ulaştırma ve Altyapı Bakanlığı Kadrolarına Yerleştirilenlere İlişkin Duyuru;,Ulaştırma ve Altyapı Bakanlığı,yayimlanmis_resmi_bilgilendirme,03_bilgilendirme_metni/04_mevzuat_hak_yukumluluk/BM-038_3713-sayili-terorle-mucadele-kanunu-kapsaminda-aile-ve-sosyal-hizmetler.md
BM-039,bilgilendirme_metni,02_duyuru,30 Sürekli İşçi Alımı Evrak Teslim Tarihi ile Noter Kura Çekiliş Tarihi Hakkında Değişiklik Duyurusu,Ulaştırma ve Altyapı Bakanlığı,yayimlanmis_resmi_bilgilendirme,03_bilgilendirme_metni/02_duyuru/BM-039_30-surekli-isci-alimi-evrak-teslim-tarihi-ile-noter-kura-cekilis-tarihi.md
BM-040,bilgilendirme_metni,03_uyari_guvenlik,Kıyı Emniyeti Genel Müdürlüğü Türkiye İş Kurumu (İŞKUR) Üzerinden Sürekli İşçi Alım Duyurusu,Ulaştırma ve Altyapı Bakanlığı,yayimlanmis_resmi_bilgilendirme,03_bilgilendirme_metni/03_uyari_guvenlik/BM-040_kiyi-emniyeti-genel-mudurlugu-turkiye-is-kurumu-iskur-uzerinden-surekli.md
BM-041,bilgilendirme_metni,01_islem_sureci,Sürekli İşçi Alımına İlişkin İŞKUR Üzerinden Başvuruda Bulunan Adayların Evrak Teslimine Ait Duyuru,Ulaştırma ve Altyapı Bakanlığı,yayimlanmis_resmi_bilgilendirme,03_bilgilendirme_metni/01_islem_sureci/BM-041_surekli-isci-alimina-iliskin-iskur-uzerinden-basvuruda-bulunan-adaylarin.md
BM-042,bilgilendirme_metni,03_uyari_guvenlik,Kıyı Emniyeti Genel Müdürlüğü Türkiye İş Kurumu (İŞKUR) Üzerinden Sürekli İşçi Alım Duyurusu,Ulaştırma ve Altyapı Bakanlığı,yayimlanmis_resmi_bilgilendirme,03_bilgilendirme_metni/03_uyari_guvenlik/BM-042_kiyi-emniyeti-genel-mudurlugu-turkiye-is-kurumu-iskur-uzerinden-surekli.md
BM-043,bilgilendirme_metni,05_kamuoyu_aciklamasi,2025 Yılı Faaliyet Raporu yayımlanmıştır,Ulaştırma ve Altyapı Bakanlığı,yayimlanmis_resmi_bilgilendirme,03_bilgilendirme_metni/05_kamuoyu_aciklamasi/BM-043_2025-yili-faaliyet-raporu-yayimlanmistir.md
BM-044,bilgilendirme_metni,06_etkinlik_program,Cumhurbaşkanlığı Ulusal Staj Programı 2026 Yılı Başvuruları Başladı,Ulaştırma ve Altyapı Bakanlığı,yayimlanmis_resmi_bilgilendirme,03_bilgilendirme_metni/06_etkinlik_program/BM-044_cumhurbaskanligi-ulusal-staj-programi-2026-yili-basvurulari-basladi.md
BM-045,bilgilendirme_metni,02_duyuru,Karayolları Genel Müdürlüğü 16. Bölge Müdürlüğüne Bağlı Sivas İli Sınırları İçerisindeki İşyerlerine Süresi Belirli Olmayan Sürekli İş Sözleşmesi İle Çalıştırılmak Üzere; Toplam 1 Eski Hükümlü veya TMY İşçi Alınacaktır.,Ulaştırma ve Altyapı Bakanlığı,yayimlanmis_resmi_bilgilendirme,03_bilgilendirme_metni/02_duyuru/BM-045_karayollari-genel-mudurlugu-16-bolge-mudurlugune-bagli-sivas-ili-sinirla.md
BM-046,bilgilendirme_metni,05_kamuoyu_aciklamasi,2026 Yılı Performans Programı kamuoyunun bilgisine sunulmuştur,Ulaştırma ve Altyapı Bakanlığı,yayimlanmis_resmi_bilgilendirme,03_bilgilendirme_metni/05_kamuoyu_aciklamasi/BM-046_2026-yili-performans-programi-kamuoyunun-bilgisine-sunulmustur.md
BM-047,bilgilendirme_metni,02_duyuru,Karayolları 1. Bölge Müdürlüğü (Tekirdağ) Eski Hükümlü / TMY İşçi Alımı Duyurusu,Ulaştırma ve Altyapı Bakanlığı,yayimlanmis_resmi_bilgilendirme,03_bilgilendirme_metni/02_duyuru/BM-047_karayollari-1-bolge-mudurlugu-tekirdag-eski-hukumlu-tmy-isci-alimi-duyur.md
BM-048,bilgilendirme_metni,02_duyuru,Karayolları Genel Müdürlüğü Sözleşmeli Personel İstihdam Edilmesine İlişkin Duyuru,Ulaştırma ve Altyapı Bakanlığı,yayimlanmis_resmi_bilgilendirme,03_bilgilendirme_metni/02_duyuru/BM-048_karayollari-genel-mudurlugu-sozlesmeli-personel-istihdam-edilmesine-ilis.md
BM-049,bilgilendirme_metni,03_uyari_guvenlik,Kıyı Emniyeti Genel Müdürlüğü Türkiye İş Kurumu (İŞKUR) Üzerinden Sürekli İşçi Alım Duyurusu,Ulaştırma ve Altyapı Bakanlığı,yayimlanmis_resmi_bilgilendirme,03_bilgilendirme_metni/03_uyari_guvenlik/BM-049_kiyi-emniyeti-genel-mudurlugu-turkiye-is-kurumu-iskur-uzerinden-surekli.md
BM-050,bilgilendirme_metni,01_islem_sureci,KPSS-2025/2 Yerleştirme Sonuçlarına göre Ulaştırma ve Altyapı Bakanlığına Yerleştirilenlere İlişkin Duyuru,Ulaştırma ve Altyapı Bakanlığı,yayimlanmis_resmi_bilgilendirme,03_bilgilendirme_metni/01_islem_sureci/BM-050_kpss-2025-2-yerlestirme-sonuclarina-gore-ulastirma-ve-altyapi-bakanligin.md
BM-201,bilgilendirme_metni,07_hizmet_kullanim,Belirtilmemiş Başlık,İstanbul Su ve Kanalizasyon İdaresi (İSKİ) Genel Müdürlüğü,sentetik_belge,03_bilgilendirme_metni/07_hizmet_kullanim/BM-201.md
BM-202,bilgilendirme_metni,07_hizmet_kullanim,Belirtilmemiş Başlık,Sosyal Güvenlik Kurumu Başkanlığı,sentetik_belge,03_bilgilendirme_metni/07_hizmet_kullanim/BM-202.md
BM-203,bilgilendirme_metni,07_hizmet_kullanim,Belirtilmemiş Başlık,Yükseköğretim Kurulu Başkanlığı,sentetik_belge,03_bilgilendirme_metni/07_hizmet_kullanim/BM-203.md
BM-204,bilgilendirme_metni,07_hizmet_kullanim,Belirtilmemiş Başlık,Gaziantep Büyükşehir Belediyesi,sentetik_belge,03_bilgilendirme_metni/07_hizmet_kullanim/BM-204.md
BM-205,bilgilendirme_metni,07_hizmet_kullanim,Belirtilmemiş Başlık,Sağlık Bakanlığı,sentetik_belge,03_bilgilendirme_metni/07_hizmet_kullanim/BM-205.md
BM-206,bilgilendirme_metni,07_hizmet_kullanim,Belirtilmemiş Başlık,Gelir İdaresi Başkanlığı,sentetik_belge,03_bilgilendirme_metni/07_hizmet_kullanim/BM-206.md
CY-001,cevap_yazisi,03_bilgi_edinme,7/42571 - ABD ve İsrail'in İran'a yönelik saldırıları nedeniyle alınan önlemlere ilişkin,Türkiye Büyük Millet Meclisinde yayımlanan kurum cevabı,tamamlanmis_resmi_cevap,02_cevap_yazisi/03_bilgi_edinme/CY-001_7-42571-abd-ve-israil-in-iran-a-yonelik-saldirilari-nedeniyle-alinan-onl.md
CY-002,cevap_yazisi,03_bilgi_edinme,7/43179 - İnsan Haklarını İnceleme Komisyonuna belgegeçer yoluyla yapılan başvurulara ilişkin,Türkiye Büyük Millet Meclisinde yayımlanan kurum cevabı,tamamlanmis_resmi_cevap,02_cevap_yazisi/03_bilgi_edinme/CY-002_7-43179-insan-haklarini-inceleme-komisyonuna-belgegecer-yoluyla-yapilan.md
CY-003,cevap_yazisi,03_bilgi_edinme,7/42931 - Türkiye ve İsrail arasındaki ticaret hacmine ilişkin,Türkiye Büyük Millet Meclisinde yayımlanan kurum cevabı,tamamlanmis_resmi_cevap,02_cevap_yazisi/03_bilgi_edinme/CY-003_7-42931-turkiye-ve-israil-arasindaki-ticaret-hacmine-iliskin.md
CY-004,cevap_yazisi,02_sikayet,7/42570 - Dicle Üniversitesi Hastanesinde görev yapan bir kişi ile ilgili bazı iddialara ilişkin,Türkiye Büyük Millet Meclisinde yayımlanan kurum cevabı,tamamlanmis_resmi_cevap,02_cevap_yazisi/02_sikayet/CY-004_7-42570-dicle-universitesi-hastanesinde-gorev-yapan-bir-kisi-ile-ilgili.md
CY-005,cevap_yazisi,03_bilgi_edinme,7/42852 - Erişim engeli getirilen bir habere ilişkin,Türkiye Büyük Millet Meclisinde yayımlanan kurum cevabı,tamamlanmis_resmi_cevap,02_cevap_yazisi/03_bilgi_edinme/CY-005_7-42852-erisim-engeli-getirilen-bir-habere-iliskin.md
CY-006,cevap_yazisi,03_bilgi_edinme,7/42533 - ABD ve İsrail'in İran'a yönelik saldırılarının bölgesel bir çatışmaya dönmesi ihtimaline karşı Türkiye'nin askeri hazırlık seviyesine ilişkin,Türkiye Büyük Millet Meclisinde yayımlanan kurum cevabı,tamamlanmis_resmi_cevap,02_cevap_yazisi/03_bilgi_edinme/CY-006_7-42533-abd-ve-israil-in-iran-a-yonelik-saldirilarinin-bolgesel-bir-cati.md
CY-007,cevap_yazisi,03_bilgi_edinme,7/42455 - Burdur Mehmet Akif Ersoy Üniversitesine ait bazı arazilerin kiralanmasına ilişkin,Türkiye Büyük Millet Meclisinde yayımlanan kurum cevabı,tamamlanmis_resmi_cevap,02_cevap_yazisi/03_bilgi_edinme/CY-007_7-42455-burdur-mehmet-akif-ersoy-universitesine-ait-bazi-arazilerin-kira.md
CY-008,cevap_yazisi,03_bilgi_edinme,7/42454 - ABD ve İsrail'in İran'a yönelik saldırıları nedeniyle alınan önlemlere ilişkin,Türkiye Büyük Millet Meclisinde yayımlanan kurum cevabı,tamamlanmis_resmi_cevap,02_cevap_yazisi/03_bilgi_edinme/CY-008_7-42454-abd-ve-israil-in-iran-a-yonelik-saldirilari-nedeniyle-alinan-onl.md
CY-009,cevap_yazisi,03_bilgi_edinme,7/42649 - Katar'da şehit düşen Türk asker ve teknisyenleri için yapılan cenaze törenine ilişkin,Türkiye Büyük Millet Meclisinde yayımlanan kurum cevabı,tamamlanmis_resmi_cevap,02_cevap_yazisi/03_bilgi_edinme/CY-009_7-42649-katar-da-sehit-dusen-turk-asker-ve-teknisyenleri-icin-yapilan-ce.md
CY-010,cevap_yazisi,03_bilgi_edinme,7/42452 - TBMM Başkanlığına gelen yasama dokunulmazlığının kaldırılması istemlerine ilişkin,Türkiye Büyük Millet Meclisinde yayımlanan kurum cevabı,tamamlanmis_resmi_cevap,02_cevap_yazisi/03_bilgi_edinme/CY-010_7-42452-tbmm-baskanligina-gelen-yasama-dokunulmazliginin-kaldirilmasi-is.md
CY-011,cevap_yazisi,03_bilgi_edinme,7/42451 - TBMM Genel Kurulunda kabul edilen kanunlara ilişkin,Türkiye Büyük Millet Meclisinde yayımlanan kurum cevabı,tamamlanmis_resmi_cevap,02_cevap_yazisi/03_bilgi_edinme/CY-011_7-42451-tbmm-genel-kurulunda-kabul-edilen-kanunlara-iliskin.md
CY-012,cevap_yazisi,02_sikayet,7/42413 - NATO'nun Türkiye'de yeni bir çok uluslu karargah kuracağı iddiasına ilişkin,Türkiye Büyük Millet Meclisinde yayımlanan kurum cevabı,tamamlanmis_resmi_cevap,02_cevap_yazisi/02_sikayet/CY-012_7-42413-nato-nun-turkiye-de-yeni-bir-cok-uluslu-karargah-kuracagi-iddias.md
CY-013,cevap_yazisi,01_istek_talep,7/42335 - Enerji fiyatlarındaki artışa karşı sosyal destek mekanizması oluşturulması talebine ilişkin,Türkiye Büyük Millet Meclisinde yayımlanan kurum cevabı,tamamlanmis_resmi_cevap,02_cevap_yazisi/01_istek_talep/CY-013_7-42335-enerji-fiyatlarindaki-artisa-karsi-sosyal-destek-mekanizmasi-olu.md
CY-014,cevap_yazisi,03_bilgi_edinme,7/42671 - 17 Mart 2026 tarihli Cumhurbaşkanı Kararı kapsamında transit geçmesine izin verilen askeri malzemelere ilişkin,Türkiye Büyük Millet Meclisinde yayımlanan kurum cevabı,tamamlanmis_resmi_cevap,02_cevap_yazisi/03_bilgi_edinme/CY-014_7-42671-17-mart-2026-tarihli-cumhurbaskani-karari-kapsaminda-transit-gec.md
CY-015,cevap_yazisi,03_bilgi_edinme,7/42648 - 17 Mart 2026 tarihli Cumhurbaşkanı Kararı kapsamında transit geçmesine izin verilen askeri malzemelere ilişkin,Türkiye Büyük Millet Meclisinde yayımlanan kurum cevabı,tamamlanmis_resmi_cevap,02_cevap_yazisi/03_bilgi_edinme/CY-015_7-42648-17-mart-2026-tarihli-cumhurbaskani-karari-kapsaminda-transit-gec.md
CY-016,cevap_yazisi,02_sikayet,7/42412 - NATO'nun Türkiye'de yeni bir çok uluslu karargah kuracağı iddiasına ilişkin,Türkiye Büyük Millet Meclisinde yayımlanan kurum cevabı,tamamlanmis_resmi_cevap,02_cevap_yazisi/02_sikayet/CY-016_7-42412-nato-nun-turkiye-de-yeni-bir-cok-uluslu-karargah-kuracagi-iddias.md
CY-017,cevap_yazisi,03_bilgi_edinme,7/42317 - Araç içi multimedya sistemleri alanında faaliyet gösteren işletmelere ilişkin,Türkiye Büyük Millet Meclisinde yayımlanan kurum cevabı,tamamlanmis_resmi_cevap,02_cevap_yazisi/03_bilgi_edinme/CY-017_7-42317-arac-ici-multimedya-sistemleri-alaninda-faaliyet-gosteren-isletm.md
CY-018,cevap_yazisi,03_bilgi_edinme,"7/42310 - Ege Denizi'nde statüsü belirli olmayan ada, adacık ve kayalıklara ilişkin",Türkiye Büyük Millet Meclisinde yayımlanan kurum cevabı,tamamlanmis_resmi_cevap,02_cevap_yazisi/03_bilgi_edinme/CY-018_7-42310-ege-denizi-nde-statusu-belirli-olmayan-ada-adacik-ve-kayaliklara.md
CY-019,cevap_yazisi,03_bilgi_edinme,7/42217 - Adalet Bakanı'nın atanma sürecine ilişkin,Türkiye Büyük Millet Meclisinde yayımlanan kurum cevabı,tamamlanmis_resmi_cevap,02_cevap_yazisi/03_bilgi_edinme/CY-019_7-42217-adalet-bakani-nin-atanma-surecine-iliskin.md
CY-020,cevap_yazisi,03_bilgi_edinme,7/42216 - Adalet Bakanı'nın sahibi olduğu gayrimenkullere ilişkin,Türkiye Büyük Millet Meclisinde yayımlanan kurum cevabı,tamamlanmis_resmi_cevap,02_cevap_yazisi/03_bilgi_edinme/CY-020_7-42216-adalet-bakani-nin-sahibi-oldugu-gayrimenkullere-iliskin.md
CY-021,cevap_yazisi,03_bilgi_edinme,"7/42309 - Harp araç ve gereçleri, silah, mühimmat ve askeri patlayıcı maddelerin ihracı ile ilgili yapılan bir düzenlemeye ilişkin",Türkiye Büyük Millet Meclisinde yayımlanan kurum cevabı,tamamlanmis_resmi_cevap,02_cevap_yazisi/03_bilgi_edinme/CY-021_7-42309-harp-arac-ve-gerecleri-silah-muhimmat-ve-askeri-patlayici-maddel.md
CY-022,cevap_yazisi,03_bilgi_edinme,7/42214 - İstanbul Teknik Üniversitesi bünyesinde kurulan bir öğrenci kulübüne ilişkin,Türkiye Büyük Millet Meclisinde yayımlanan kurum cevabı,tamamlanmis_resmi_cevap,02_cevap_yazisi/03_bilgi_edinme/CY-022_7-42214-istanbul-teknik-universitesi-bunyesinde-kurulan-bir-ogrenci-kulu.md
CY-023,cevap_yazisi,03_bilgi_edinme,7/42159 - İzmir'in Konak ilçesine bağlı Umurbey Mahallesi'nde bulunan bazı taşınmazlarla ilgili imar planında yapılan değişikliğe ilişkin,Türkiye Büyük Millet Meclisinde yayımlanan kurum cevabı,tamamlanmis_resmi_cevap,02_cevap_yazisi/03_bilgi_edinme/CY-023_7-42159-izmir-in-konak-ilcesine-bagli-umurbey-mahallesi-nde-bulunan-bazi.md
CY-024,cevap_yazisi,02_sikayet,7/42133 - 6 Şubat 2023 tarihli depremler sonrası inşa edilen konutların teslim törenleriyle ilgili iddialara ilişkin,Türkiye Büyük Millet Meclisinde yayımlanan kurum cevabı,tamamlanmis_resmi_cevap,02_cevap_yazisi/02_sikayet/CY-024_7-42133-6-subat-2023-tarihli-depremler-sonrasi-insa-edilen-konutlarin-te.md
CY-025,cevap_yazisi,03_bilgi_edinme,7/42118 - 2025'te iflas eden veya konkordato ilan eden şirket sayısına ilişkin,Türkiye Büyük Millet Meclisinde yayımlanan kurum cevabı,tamamlanmis_resmi_cevap,02_cevap_yazisi/03_bilgi_edinme/CY-025_7-42118-2025-te-iflas-eden-veya-konkordato-ilan-eden-sirket-sayisina-ili.md
CY-026,cevap_yazisi,03_bilgi_edinme,7/42115 - Monosodyum glutamat ithalatına ilişkin,Türkiye Büyük Millet Meclisinde yayımlanan kurum cevabı,tamamlanmis_resmi_cevap,02_cevap_yazisi/03_bilgi_edinme/CY-026_7-42115-monosodyum-glutamat-ithalatina-iliskin.md
CY-027,cevap_yazisi,03_bilgi_edinme,7/42047 - Son 5 yılda pazarlık usulüyle yapılan ihalelere ilişkin,Türkiye Büyük Millet Meclisinde yayımlanan kurum cevabı,tamamlanmis_resmi_cevap,02_cevap_yazisi/03_bilgi_edinme/CY-027_7-42047-son-5-yilda-pazarlik-usuluyle-yapilan-ihalelere-iliskin.md
CY-028,cevap_yazisi,03_bilgi_edinme,7/42045 - Son 10 yılda en fazla kamu ihalesi kazanan şirketlere ilişkin,Türkiye Büyük Millet Meclisinde yayımlanan kurum cevabı,tamamlanmis_resmi_cevap,02_cevap_yazisi/03_bilgi_edinme/CY-028_7-42045-son-10-yilda-en-fazla-kamu-ihalesi-kazanan-sirketlere-iliskin.md
CY-029,cevap_yazisi,03_bilgi_edinme,7/42040 - 2023 yılından bu yana Özelleştirme İdaresi Başkanlığı tarafından gerçekleştirilen özelleştirmelere ilişkin,Türkiye Büyük Millet Meclisinde yayımlanan kurum cevabı,tamamlanmis_resmi_cevap,02_cevap_yazisi/03_bilgi_edinme/CY-029_7-42040-2023-yilindan-bu-yana-ozellestirme-idaresi-baskanligi-tarafindan.md
CY-030,cevap_yazisi,03_bilgi_edinme,7/42037 - Dicle Üniversitesi Tıp Fakültesi Hastanesi Projesi'nin ihale sürecine ilişkin,Türkiye Büyük Millet Meclisinde yayımlanan kurum cevabı,tamamlanmis_resmi_cevap,02_cevap_yazisi/03_bilgi_edinme/CY-030_7-42037-dicle-universitesi-tip-fakultesi-hastanesi-projesi-nin-ihale-sur.md
CY-031,cevap_yazisi,03_bilgi_edinme,7/41985 - 6 Şubat 2023 tarihli depremler sonrası toplanan ayni ve nakdi yardımlara ilişkin,Türkiye Büyük Millet Meclisinde yayımlanan kurum cevabı,tamamlanmis_resmi_cevap,02_cevap_yazisi/03_bilgi_edinme/CY-031_7-41985-6-subat-2023-tarihli-depremler-sonrasi-toplanan-ayni-ve-nakdi-ya.md
CY-032,cevap_yazisi,03_bilgi_edinme,7/41900 - Bir kamu bankası hakkında ABD'de görülen davaya ilişkin,Türkiye Büyük Millet Meclisinde yayımlanan kurum cevabı,tamamlanmis_resmi_cevap,02_cevap_yazisi/03_bilgi_edinme/CY-032_7-41900-bir-kamu-bankasi-hakkinda-abd-de-gorulen-davaya-iliskin.md
CY-033,cevap_yazisi,03_bilgi_edinme,7/41897 - Görev süresi sona eren araştırma komisyonlarına ilişkin,Türkiye Büyük Millet Meclisinde yayımlanan kurum cevabı,tamamlanmis_resmi_cevap,02_cevap_yazisi/03_bilgi_edinme/CY-033_7-41897-gorev-suresi-sona-eren-arastirma-komisyonlarina-iliskin.md
CY-034,cevap_yazisi,03_bilgi_edinme,7/41896 - Sayıştayın faaliyetlerine ilişkin,Türkiye Büyük Millet Meclisinde yayımlanan kurum cevabı,tamamlanmis_resmi_cevap,02_cevap_yazisi/03_bilgi_edinme/CY-034_7-41896-sayistayin-faaliyetlerine-iliskin.md
CY-035,cevap_yazisi,03_bilgi_edinme,7/41890 - Made in EU düzenlemesine Türkiye'nin dahil edilmesi için yapılan çalışmalara ilişkin,Türkiye Büyük Millet Meclisinde yayımlanan kurum cevabı,tamamlanmis_resmi_cevap,02_cevap_yazisi/03_bilgi_edinme/CY-035_7-41890-made-in-eu-duzenlemesine-turkiye-nin-dahil-edilmesi-icin-yapilan.md
CY-036,cevap_yazisi,03_bilgi_edinme,7/41878 - İnsansı robot ve ileri yapay zeka alanında yapılan çalışmalara ilişkin,Türkiye Büyük Millet Meclisinde yayımlanan kurum cevabı,tamamlanmis_resmi_cevap,02_cevap_yazisi/03_bilgi_edinme/CY-036_7-41878-insansi-robot-ve-ileri-yapay-zeka-alaninda-yapilan-calismalara-i.md
CY-037,cevap_yazisi,03_bilgi_edinme,7/41877 - Edirne'deki işsizliğin önlenmesi için yürütülen çalışmalara ilişkin,Türkiye Büyük Millet Meclisinde yayımlanan kurum cevabı,tamamlanmis_resmi_cevap,02_cevap_yazisi/03_bilgi_edinme/CY-037_7-41877-edirne-deki-issizligin-onlenmesi-icin-yurutulen-calismalara-ilis.md
CY-038,cevap_yazisi,03_bilgi_edinme,7/41936 - Sayıştayın 2023 ve 2024 yılı denetim raporlarında Milli Piyango İdaresi Genel Müdürlüğü ile ilgili yaptığı bazı tespitlere ilişkin,Türkiye Büyük Millet Meclisinde yayımlanan kurum cevabı,tamamlanmis_resmi_cevap,02_cevap_yazisi/03_bilgi_edinme/CY-038_7-41936-sayistayin-2023-ve-2024-yili-denetim-raporlarinda-milli-piyango.md
CY-039,cevap_yazisi,03_bilgi_edinme,7/41757 - Soğan ithalatına ilişkin,Türkiye Büyük Millet Meclisinde yayımlanan kurum cevabı,tamamlanmis_resmi_cevap,02_cevap_yazisi/03_bilgi_edinme/CY-039_7-41757-sogan-ithalatina-iliskin.md
CY-040,cevap_yazisi,03_bilgi_edinme,"7/41663 - Milli Dayanışma, Kardeşlik ve Demokrasi Komisyonunun çalışmalarına ilişkin",Türkiye Büyük Millet Meclisinde yayımlanan kurum cevabı,tamamlanmis_resmi_cevap,02_cevap_yazisi/03_bilgi_edinme/CY-040_7-41663-milli-dayanisma-kardeslik-ve-demokrasi-komisyonunun-calismalarin.md
CY-041,cevap_yazisi,03_bilgi_edinme,"7/41662 - Milli Dayanışma, Kardeşlik ve Demokrasi Komisyonuna ilişkin",Türkiye Büyük Millet Meclisinde yayımlanan kurum cevabı,tamamlanmis_resmi_cevap,02_cevap_yazisi/03_bilgi_edinme/CY-041_7-41662-milli-dayanisma-kardeslik-ve-demokrasi-komisyonuna-iliskin.md
CY-042,cevap_yazisi,03_bilgi_edinme,7/41592 - Sayıştayın 2023 ve 2024 yılı denetim raporlarında TEMSAN ile ilgili yaptığı bazı tespitlere ilişkin,Türkiye Büyük Millet Meclisinde yayımlanan kurum cevabı,tamamlanmis_resmi_cevap,02_cevap_yazisi/03_bilgi_edinme/CY-042_7-41592-sayistayin-2023-ve-2024-yili-denetim-raporlarinda-temsan-ile-ilg.md
CY-043,cevap_yazisi,02_sikayet,7/41528 - Ankara Bilim Üniversitesinde öğrencilerin yaşadığı bazı sorunlara ilişkin,Türkiye Büyük Millet Meclisinde yayımlanan kurum cevabı,tamamlanmis_resmi_cevap,02_cevap_yazisi/02_sikayet/CY-043_7-41528-ankara-bilim-universitesinde-ogrencilerin-yasadigi-bazi-sorunlar.md
CY-044,cevap_yazisi,03_bilgi_edinme,7/41778 - Türkiye'nin Avrupa Yerel Yönetimler Özerklik Şartı'na koyduğu çekinceleri kaldırması talebine ilişkin,Türkiye Büyük Millet Meclisinde yayımlanan kurum cevabı,tamamlanmis_resmi_cevap,02_cevap_yazisi/03_bilgi_edinme/CY-044_7-41778-turkiye-nin-avrupa-yerel-yonetimler-ozerklik-sarti-na-koydugu-ce.md
CY-045,cevap_yazisi,02_sikayet,7/41411 - İzmir Kadın Kapalı Cezaevinde bulunan bir mahkumun işkence gördüğü ve intihara yönlendirildiği iddiasına ilişkin,Türkiye Büyük Millet Meclisinde yayımlanan kurum cevabı,tamamlanmis_resmi_cevap,02_cevap_yazisi/02_sikayet/CY-045_7-41411-izmir-kadin-kapali-cezaevinde-bulunan-bir-mahkumun-iskence-gordu.md
CY-046,cevap_yazisi,03_bilgi_edinme,7/41664 - TBMM Yerleşkesi'nde kullanılan tek kullanımlık plastik su şişelerine ilişkin,Türkiye Büyük Millet Meclisinde yayımlanan kurum cevabı,tamamlanmis_resmi_cevap,02_cevap_yazisi/03_bilgi_edinme/CY-046_7-41664-tbmm-yerleskesi-nde-kullanilan-tek-kullanimlik-plastik-su-sisele.md
CY-047,cevap_yazisi,02_sikayet,7/41526 - İzmir Kadın Kapalı Cezaevinde bulunan bir mahkumun işkence gördüğü ve intihara yönlendirildiği iddiasına ilişkin,Türkiye Büyük Millet Meclisinde yayımlanan kurum cevabı,tamamlanmis_resmi_cevap,02_cevap_yazisi/02_sikayet/CY-047_7-41526-izmir-kadin-kapali-cezaevinde-bulunan-bir-mahkumun-iskence-gordu.md
CY-048,cevap_yazisi,02_sikayet,7/41525 - İzmir Kadın Kapalı Cezaevinde bulunan bir mahkumun işkence gördüğü ve intihara yönlendirildiği iddiasına ilişkin,Türkiye Büyük Millet Meclisinde yayımlanan kurum cevabı,tamamlanmis_resmi_cevap,02_cevap_yazisi/02_sikayet/CY-048_7-41525-izmir-kadin-kapali-cezaevinde-bulunan-bir-mahkumun-iskence-gordu.md
CY-049,cevap_yazisi,03_bilgi_edinme,7/41393 - Doğu ve Güneydoğu Anadolu bölgelerinde yer alan illerde sanayi rezerv alanları kurulması talebine ilişkin,Türkiye Büyük Millet Meclisinde yayımlanan kurum cevabı,tamamlanmis_resmi_cevap,02_cevap_yazisi/03_bilgi_edinme/CY-049_7-41393-dogu-ve-guneydogu-anadolu-bolgelerinde-yer-alan-illerde-sanayi-r.md
CY-050,cevap_yazisi,03_bilgi_edinme,7/41661 - İşitme engelli bireylerin seçilme haklarını kullanmalarına ve yasama faaliyetlerine katılmalarına ilişkin,Türkiye Büyük Millet Meclisinde yayımlanan kurum cevabı,tamamlanmis_resmi_cevap,02_cevap_yazisi/03_bilgi_edinme/CY-050_7-41661-isitme-engelli-bireylerin-secilme-haklarini-kullanmalarina-ve-ya.md
CY-201,cevap_yazisi,04_itiraz,Belirtilmemiş Başlık,Kamu İhale Kurumu,sentetik_belge,02_cevap_yazisi/04_itiraz/CY-201.md
CY-202,cevap_yazisi,04_itiraz,Belirtilmemiş Başlık,Bursa Büyükşehir Belediye Başkanlığı,sentetik_belge,02_cevap_yazisi/04_itiraz/CY-202.md
CY-203,cevap_yazisi,05_gorus_talebi,Belirtilmemiş Başlık,İçişleri Bakanlığı,sentetik_belge,02_cevap_yazisi/05_gorus_talebi/CY-203.md
CY-204,cevap_yazisi,05_gorus_talebi,Belirtilmemiş Başlık,Hazine ve Maliye Bakanlığı,sentetik_belge,02_cevap_yazisi/05_gorus_talebi/CY-204.md
CY-205,cevap_yazisi,06_olumlu_cevap,Belirtilmemiş Başlık,Antalya Valiliği,sentetik_belge,02_cevap_yazisi/06_olumlu_cevap/CY-205.md
CY-206,cevap_yazisi,06_olumlu_cevap,Belirtilmemiş Başlık,İzmir Kalkınma Ajansı,sentetik_belge,02_cevap_yazisi/06_olumlu_cevap/CY-206.md
CY-207,cevap_yazisi,07_ret_kismen_kabul,Belirtilmemiş Başlık,Sosyal Güvenlik Kurumu Başkanlığı,sentetik_belge,02_cevap_yazisi/07_ret_kismen_kabul/CY-207.md
CY-208,cevap_yazisi,07_ret_kismen_kabul,Belirtilmemiş Başlık,Çankaya Belediye Başkanlığı,sentetik_belge,02_cevap_yazisi/07_ret_kismen_kabul/CY-208.md
CY-209,cevap_yazisi,08_eksik_belge_yetkisizlik,Belirtilmemiş Başlık,Kadıköy Belediye Başkanlığı,sentetik_belge,02_cevap_yazisi/08_eksik_belge_yetkisizlik/CY-209.md
CY-210,cevap_yazisi,08_eksik_belge_yetkisizlik,Belirtilmemiş Başlık,İzmir Valiliği,sentetik_belge,02_cevap_yazisi/08_eksik_belge_yetkisizlik/CY-210.md
CY-211,cevap_yazisi,04_itiraz,Belirtilmemiş Başlık,Sosyal Güvenlik Kurumu Başkanlığı,sentetik_belge,02_cevap_yazisi/04_itiraz/CY-211.md
CY-212,cevap_yazisi,04_itiraz,Belirtilmemiş Başlık,Yıldırım Beyazıt Üniversitesi Rektörlüğü,sentetik_belge,02_cevap_yazisi/04_itiraz/CY-212.md
CY-213,cevap_yazisi,04_itiraz,Belirtilmemiş Başlık,Gelir İdaresi Başkanlığı,sentetik_belge,02_cevap_yazisi/04_itiraz/CY-213.md
CY-214,cevap_yazisi,04_itiraz,Belirtilmemiş Başlık,Çankaya Belediye Başkanlığı,sentetik_belge,02_cevap_yazisi/04_itiraz/CY-214.md
CY-215,cevap_yazisi,05_gorus_talebi,Belirtilmemiş Başlık,"Çevre, Şehircilik ve İklim Değişikliği Bakanlığı",sentetik_belge,02_cevap_yazisi/05_gorus_talebi/CY-215.md
CY-216,cevap_yazisi,05_gorus_talebi,Belirtilmemiş Başlık,Sosyal Güvenlik Kurumu Başkanlığı,sentetik_belge,02_cevap_yazisi/05_gorus_talebi/CY-216.md
CY-217,cevap_yazisi,05_gorus_talebi,Belirtilmemiş Başlık,Millî Eğitim Bakanlığı,sentetik_belge,02_cevap_yazisi/05_gorus_talebi/CY-217.md
CY-218,cevap_yazisi,05_gorus_talebi,Belirtilmemiş Başlık,Sayıştay Başkanlığı,sentetik_belge,02_cevap_yazisi/05_gorus_talebi/CY-218.md
CY-219,cevap_yazisi,06_olumlu_cevap,Belirtilmemiş Başlık,Türkiye Bilimsel ve Teknolojik Araştırma Kurumu Başkanlığı,sentetik_belge,02_cevap_yazisi/06_olumlu_cevap/CY-219.md
CY-220,cevap_yazisi,06_olumlu_cevap,Belirtilmemiş Başlık,İzmir Büyükşehir Belediye Başkanlığı,sentetik_belge,02_cevap_yazisi/06_olumlu_cevap/CY-220.md
CY-221,cevap_yazisi,06_olumlu_cevap,Belirtilmemiş Başlık,Sağlık Bakanlığı,sentetik_belge,02_cevap_yazisi/06_olumlu_cevap/CY-221.md
CY-222,cevap_yazisi,06_olumlu_cevap,Belirtilmemiş Başlık,Hacettepe Üniversitesi Rektörlüğü,sentetik_belge,02_cevap_yazisi/06_olumlu_cevap/CY-222.md
CY-223,cevap_yazisi,07_ret_kismen_kabul,Belirtilmemiş Başlık,Çankaya Belediye Başkanlığı,sentetik_belge,02_cevap_yazisi/07_ret_kismen_kabul/CY-223.md
CY-224,cevap_yazisi,07_ret_kismen_kabul,Belirtilmemiş Başlık,Ticaret Bakanlığı,sentetik_belge,02_cevap_yazisi/07_ret_kismen_kabul/CY-224.md
CY-225,cevap_yazisi,07_ret_kismen_kabul,Belirtilmemiş Başlık,Sosyal Güvenlik Kurumu,sentetik_belge,02_cevap_yazisi/07_ret_kismen_kabul/CY-225.md
CY-226,cevap_yazisi,07_ret_kismen_kabul,Belirtilmemiş Başlık,Hacettepe Üniversitesi,sentetik_belge,02_cevap_yazisi/07_ret_kismen_kabul/CY-226.md
CY-227,cevap_yazisi,08_eksik_belge_yetkisizlik,Belirtilmemiş Başlık,Gelir İdaresi Başkanlığı,sentetik_belge,02_cevap_yazisi/08_eksik_belge_yetkisizlik/CY-227.md
CY-228,cevap_yazisi,08_eksik_belge_yetkisizlik,Belirtilmemiş Başlık,İçişleri Bakanlığı,sentetik_belge,02_cevap_yazisi/08_eksik_belge_yetkisizlik/CY-228.md
CY-229,cevap_yazisi,08_eksik_belge_yetkisizlik,Belirtilmemiş Başlık,KOSGEB,sentetik_belge,02_cevap_yazisi/08_eksik_belge_yetkisizlik/CY-229.md
CY-230,cevap_yazisi,08_eksik_belge_yetkisizlik,Belirtilmemiş Başlık,Kadıköy Belediye Başkanlığı,sentetik_belge,02_cevap_yazisi/08_eksik_belge_yetkisizlik/CY-230.md
DY-001,diger_resmi_yazisma,09_tutanak,Tutanak Örneği,Erzincan Binali Yıldırım Üniversitesi,resmi_sablon,04_diger_resmi_yazisma/09_tutanak/DY-001_tutanak-ornegi.md
DY-002,diger_resmi_yazisma,01_gorus,Dilekçe Örneği,Erzincan Binali Yıldırım Üniversitesi,resmi_sablon,04_diger_resmi_yazisma/01_gorus/DY-002_dilekce-ornegi.md
DY-003,diger_resmi_yazisma,02_onay_olur,Disiplin Soruşturması Emri Örneği,Erzincan Binali Yıldırım Üniversitesi,resmi_sablon,04_diger_resmi_yazisma/02_onay_olur/DY-003_disiplin-sorusturmasi-emri-ornegi.md
DY-004,diger_resmi_yazisma,03_davet,Savunma Davetiyesi Örneği,Erzincan Binali Yıldırım Üniversitesi,resmi_sablon,04_diger_resmi_yazisma/03_davet/DY-004_savunma-davetiyesi-ornegi.md
DY-005,diger_resmi_yazisma,09_tutanak,Savunma Tutanağı Örneği,Erzincan Binali Yıldırım Üniversitesi,resmi_sablon,04_diger_resmi_yazisma/09_tutanak/DY-005_savunma-tutanagi-ornegi.md
DY-006,diger_resmi_yazisma,04_teblig_bildirim,Tanık Tebellüğ Belgesi Örneği,Erzincan Binali Yıldırım Üniversitesi,resmi_sablon,04_diger_resmi_yazisma/04_teblig_bildirim/DY-006_tanik-tebellug-belgesi-ornegi.md
DY-007,diger_resmi_yazisma,03_davet,Tanık İfade Davetiyesi Örneği,Erzincan Binali Yıldırım Üniversitesi,resmi_sablon,04_diger_resmi_yazisma/03_davet/DY-007_tanik-ifade-davetiyesi-ornegi.md
DY-008,diger_resmi_yazisma,09_tutanak,Tanık İfade Tutanağı Örneği,Erzincan Binali Yıldırım Üniversitesi,resmi_sablon,04_diger_resmi_yazisma/09_tutanak/DY-008_tanik-ifade-tutanagi-ornegi.md
DY-009,diger_resmi_yazisma,06_koordinasyon,Bilgi Talebi Örneği,Erzincan Binali Yıldırım Üniversitesi,resmi_sablon,04_diger_resmi_yazisma/06_koordinasyon/DY-009_bilgi-talebi-ornegi.md
DY-010,diger_resmi_yazisma,09_tutanak,Soruşturma Raporu Örneği,Erzincan Binali Yıldırım Üniversitesi,resmi_sablon,04_diger_resmi_yazisma/09_tutanak/DY-010_sorusturma-raporu-ornegi.md
DY-011,diger_resmi_yazisma,09_tutanak,Soruşturma Dosyası Dizi Pusulası Örneği,Erzincan Binali Yıldırım Üniversitesi,resmi_sablon,04_diger_resmi_yazisma/09_tutanak/DY-011_sorusturma-dosyasi-dizi-pusulasi-ornegi.md
DY-012,diger_resmi_yazisma,06_koordinasyon,Soruşturma Raporu Dosya Teslimi Yazı Örneği,Erzincan Binali Yıldırım Üniversitesi,resmi_sablon,04_diger_resmi_yazisma/06_koordinasyon/DY-012_sorusturma-raporu-dosya-teslimi-yazi-ornegi.md
DY-013,diger_resmi_yazisma,08_gorevlendirme,Raportör Görevlendirme Örneği,Erzincan Binali Yıldırım Üniversitesi,resmi_sablon,04_diger_resmi_yazisma/08_gorevlendirme/DY-013_raportor-gorevlendirme-ornegi.md
DY-014,diger_resmi_yazisma,09_tutanak,Raportör Raporu Örneği,Erzincan Binali Yıldırım Üniversitesi,resmi_sablon,04_diger_resmi_yazisma/09_tutanak/DY-014_raportor-raporu-ornegi.md
DY-015,diger_resmi_yazisma,04_teblig_bildirim,Ceza Tebliği Örneği (Disiplin Kurulu),Erzincan Binali Yıldırım Üniversitesi,resmi_sablon,04_diger_resmi_yazisma/04_teblig_bildirim/DY-015_ceza-tebligi-ornegi-disiplin-kurulu.md
DY-016,diger_resmi_yazisma,04_teblig_bildirim,Ceza Tebliği Örneği (İndirim Uygulanması),Erzincan Binali Yıldırım Üniversitesi,resmi_sablon,04_diger_resmi_yazisma/04_teblig_bildirim/DY-016_ceza-tebligi-ornegi-indirim-uygulanmasi.md
DY-017,diger_resmi_yazisma,04_teblig_bildirim,Ceza Tebliği Örneği (İndirim Uygulanmaması),Erzincan Binali Yıldırım Üniversitesi,resmi_sablon,04_diger_resmi_yazisma/04_teblig_bildirim/DY-017_ceza-tebligi-ornegi-indirim-uygulanmamasi.md
DY-018,diger_resmi_yazisma,03_davet,Son Savunma İstemi Örneği,Erzincan Binali Yıldırım Üniversitesi,resmi_sablon,04_diger_resmi_yazisma/03_davet/DY-018_son-savunma-istemi-ornegi.md
DY-019,diger_resmi_yazisma,01_gorus,Ek Süre Talebi Örneği,Erzincan Binali Yıldırım Üniversitesi,resmi_sablon,04_diger_resmi_yazisma/01_gorus/DY-019_ek-sure-talebi-ornegi.md
DY-020,diger_resmi_yazisma,08_gorevlendirme,Yolluklu/Yolluksuz Görevlendirme Talep Yazısı,Düzce Üniversitesi Fen Edebiyat Fakültesi,resmi_sablon,04_diger_resmi_yazisma/08_gorevlendirme/DY-020_yolluklu-yolluksuz-gorevlendirme-talep-yazisi.md
DY-021,diger_resmi_yazisma,08_gorevlendirme,Görevlendirme Bölüm Başkanlığı Üst Yazısı,Düzce Üniversitesi Fen Edebiyat Fakültesi,resmi_sablon,04_diger_resmi_yazisma/08_gorevlendirme/DY-021_gorevlendirme-bolum-baskanligi-ust-yazisi.md
DY-022,diger_resmi_yazisma,01_gorus,Dr. Öğretim Üyesi Yeniden Atama Teklif Yazısı,Düzce Üniversitesi Fen Edebiyat Fakültesi,resmi_sablon,04_diger_resmi_yazisma/01_gorus/DY-022_dr-ogretim-uyesi-yeniden-atama-teklif-yazisi.md
DY-023,diger_resmi_yazisma,01_gorus,Öğretim Elemanı Görev Süresi Uzatma Teklif Yazısı,Düzce Üniversitesi Fen Edebiyat Fakültesi,resmi_sablon,04_diger_resmi_yazisma/01_gorus/DY-023_ogretim-elemani-gorev-suresi-uzatma-teklif-yazisi.md
DY-024,diger_resmi_yazisma,02_onay_olur,Harcama Yetkisi Devir Formu,Düzce Üniversitesi Fen Edebiyat Fakültesi,resmi_sablon,04_diger_resmi_yazisma/02_onay_olur/DY-024_harcama-yetkisi-devir-formu.md
DY-025,diger_resmi_yazisma,02_onay_olur,Gerçekleştirme Görevlisi Vekâlet İmza Sirküsü,Düzce Üniversitesi Fen Edebiyat Fakültesi,resmi_sablon,04_diger_resmi_yazisma/02_onay_olur/DY-025_gerceklestirme-gorevlisi-vekalet-imza-sirkusu.md
DY-026,diger_resmi_yazisma,09_tutanak,Toplantı Tutanak Formu,Düzce Üniversitesi Fen Edebiyat Fakültesi,resmi_sablon,04_diger_resmi_yazisma/09_tutanak/DY-026_toplanti-tutanak-formu.md
DY-027,diger_resmi_yazisma,08_gorevlendirme,Yurt Dışı Görev Dönüş Formu,Düzce Üniversitesi Fen Edebiyat Fakültesi,resmi_sablon,04_diger_resmi_yazisma/08_gorevlendirme/DY-027_yurt-disi-gorev-donus-formu.md
DY-028,diger_resmi_yazisma,06_koordinasyon,Bakım Onarım İstek Formu,Düzce Üniversitesi Fen Edebiyat Fakültesi,resmi_sablon,04_diger_resmi_yazisma/06_koordinasyon/DY-028_bakim-onarim-istek-formu.md
DY-029,diger_resmi_yazisma,01_gorus,Öğrenim Değerlendirme Talep Yazısı,Düzce Üniversitesi Fen Edebiyat Fakültesi,resmi_sablon,04_diger_resmi_yazisma/01_gorus/DY-029_ogrenim-degerlendirme-talep-yazisi.md
DY-030,diger_resmi_yazisma,01_gorus,Hazırlık Sınıfı Değerlendirme Talep Yazısı,Düzce Üniversitesi Fen Edebiyat Fakültesi,resmi_sablon,04_diger_resmi_yazisma/01_gorus/DY-030_hazirlik-sinifi-degerlendirme-talep-yazisi.md
DY-031,diger_resmi_yazisma,01_gorus,Ders Talep Dilekçesi,Düzce Üniversitesi Fen Edebiyat Fakültesi,resmi_sablon,04_diger_resmi_yazisma/01_gorus/DY-031_ders-talep-dilekcesi.md
DY-032,diger_resmi_yazisma,02_onay_olur,İnceleme Başlatma Yazı Örneği,Amasya Üniversitesi Hukuk Müşavirliği,resmi_sablon,04_diger_resmi_yazisma/02_onay_olur/DY-032_inceleme-baslatma-yazi-ornegi.md
DY-033,diger_resmi_yazisma,09_tutanak,İnceleme İşlemleri Hazırlık Tutanağı,Amasya Üniversitesi Hukuk Müşavirliği,resmi_sablon,04_diger_resmi_yazisma/09_tutanak/DY-033_inceleme-islemleri-hazirlik-tutanagi.md
DY-034,diger_resmi_yazisma,08_gorevlendirme,Yeminli Kâtip Görevlendirme Tutanağı,Amasya Üniversitesi Hukuk Müşavirliği,resmi_sablon,04_diger_resmi_yazisma/08_gorevlendirme/DY-034_yeminli-katip-gorevlendirme-tutanagi.md
DY-035,diger_resmi_yazisma,07_toplanti,Kurul Toplantı Tutanağı,Amasya Üniversitesi Hukuk Müşavirliği,resmi_sablon,04_diger_resmi_yazisma/07_toplanti/DY-035_kurul-toplanti-tutanagi.md
DY-036,diger_resmi_yazisma,03_davet,İnceleme Yapılanı Savunmaya Davet Yazısı,Amasya Üniversitesi Hukuk Müşavirliği,resmi_sablon,04_diger_resmi_yazisma/03_davet/DY-036_inceleme-yapilani-savunmaya-davet-yazisi.md
DY-037,diger_resmi_yazisma,09_tutanak,İnceleme Yapılanın Savunma Tutanağı,Amasya Üniversitesi Hukuk Müşavirliği,resmi_sablon,04_diger_resmi_yazisma/09_tutanak/DY-037_inceleme-yapilanin-savunma-tutanagi.md
DY-038,diger_resmi_yazisma,03_davet,Şikâyetçiyi İfadeye Davet Yazısı,Amasya Üniversitesi Hukuk Müşavirliği,resmi_sablon,04_diger_resmi_yazisma/03_davet/DY-038_sikayetciyi-ifadeye-davet-yazisi.md
DY-039,diger_resmi_yazisma,09_tutanak,Şikâyetçi İfade Tutanağı,Amasya Üniversitesi Hukuk Müşavirliği,resmi_sablon,04_diger_resmi_yazisma/09_tutanak/DY-039_sikayetci-ifade-tutanagi.md
DY-040,diger_resmi_yazisma,03_davet,Tanık Davet Yazısı,Amasya Üniversitesi Hukuk Müşavirliği,resmi_sablon,04_diger_resmi_yazisma/03_davet/DY-040_tanik-davet-yazisi.md
DY-041,diger_resmi_yazisma,09_tutanak,Tanık İfade Tutanağı,Amasya Üniversitesi Hukuk Müşavirliği,resmi_sablon,04_diger_resmi_yazisma/09_tutanak/DY-041_tanik-ifade-tutanagi.md
DY-042,diger_resmi_yazisma,08_gorevlendirme,Bilirkişi Görevlendirme Talep Belgesi,Amasya Üniversitesi Hukuk Müşavirliği,resmi_sablon,04_diger_resmi_yazisma/08_gorevlendirme/DY-042_bilirkisi-gorevlendirme-talep-belgesi.md
DY-043,diger_resmi_yazisma,01_gorus,Bilirkişi Raporu Örneği,Amasya Üniversitesi Hukuk Müşavirliği,resmi_sablon,04_diger_resmi_yazisma/01_gorus/DY-043_bilirkisi-raporu-ornegi.md
DY-044,diger_resmi_yazisma,01_gorus,İnceleme Raporu Örneği,Amasya Üniversitesi Hukuk Müşavirliği,resmi_sablon,04_diger_resmi_yazisma/01_gorus/DY-044_inceleme-raporu-ornegi.md
DY-045,diger_resmi_yazisma,06_koordinasyon,Bilgi ve Belge İsteme Yazısı,Amasya Üniversitesi Hukuk Müşavirliği,resmi_sablon,04_diger_resmi_yazisma/06_koordinasyon/DY-045_bilgi-ve-belge-isteme-yazisi.md
DY-046,diger_resmi_yazisma,09_tutanak,Disiplin Dosyası Dizi Pusulası Örneği,Ankara Hacı Bayram Veli Üniversitesi Hukuk Müşavirliği,resmi_sablon,04_diger_resmi_yazisma/09_tutanak/DY-046_disiplin-dosyasi-dizi-pusulasi-ornegi.md
DY-047,diger_resmi_yazisma,06_koordinasyon,Rapor Teslimi Yazı Örneği,Ankara Hacı Bayram Veli Üniversitesi Hukuk Müşavirliği,resmi_sablon,04_diger_resmi_yazisma/06_koordinasyon/DY-047_rapor-teslimi-yazi-ornegi.md
DY-048,diger_resmi_yazisma,03_davet,Savunma Davet Yazısı Örneği,Ankara Hacı Bayram Veli Üniversitesi Hukuk Müşavirliği,resmi_sablon,04_diger_resmi_yazisma/03_davet/DY-048_savunma-davet-yazisi-ornegi.md
DY-049,diger_resmi_yazisma,09_tutanak,Savunma Tutanağı Örneği - AHBV,Ankara Hacı Bayram Veli Üniversitesi Hukuk Müşavirliği,resmi_sablon,04_diger_resmi_yazisma/09_tutanak/DY-049_savunma-tutanagi-ornegi-ahbv.md
DY-050,diger_resmi_yazisma,06_koordinasyon,Öğrenci Sicil Özeti İstem Yazısı Örneği,Ankara Hacı Bayram Veli Üniversitesi Hukuk Müşavirliği,resmi_sablon,04_diger_resmi_yazisma/06_koordinasyon/DY-050_ogrenci-sicil-ozeti-istem-yazisi-ornegi.md
DY-201,diger_resmi_yazisma,05_tekit_hatirlatma,Belirtilmemiş Başlık,Ankara Valiliği,sentetik_belge,04_diger_resmi_yazisma/05_tekit_hatirlatma/DY-201.md
DY-202,diger_resmi_yazisma,05_tekit_hatirlatma,Belirtilmemiş Başlık,"Çevre, Şehircilik ve İklim Değişikliği Bakanlığı",sentetik_belge,04_diger_resmi_yazisma/05_tekit_hatirlatma/DY-202.md
DY-203,diger_resmi_yazisma,05_tekit_hatirlatma,Belirtilmemiş Başlık,Akdeniz Üniversitesi,sentetik_belge,04_diger_resmi_yazisma/05_tekit_hatirlatma/DY-203.md
DY-204,diger_resmi_yazisma,05_tekit_hatirlatma,Belirtilmemiş Başlık,Bursa İl Sağlık Müdürlüğü,sentetik_belge,04_diger_resmi_yazisma/05_tekit_hatirlatma/DY-204.md
DY-205,diger_resmi_yazisma,05_tekit_hatirlatma,Belirtilmemiş Başlık,Gaziantep Büyükşehir Belediyesi,sentetik_belge,04_diger_resmi_yazisma/05_tekit_hatirlatma/DY-205.md
DY-206,diger_resmi_yazisma,05_tekit_hatirlatma,Belirtilmemiş Başlık,Kadıköy Kaymakamlığı,sentetik_belge,04_diger_resmi_yazisma/05_tekit_hatirlatma/DY-206.md
DY-207,diger_resmi_yazisma,10_iade_yetkisizlik,Belirtilmemiş Başlık,Talas Kaymakamlığı,sentetik_belge,04_diger_resmi_yazisma/10_iade_yetkisizlik/DY-207.md
DY-208,diger_resmi_yazisma,10_iade_yetkisizlik,Belirtilmemiş Başlık,Eskişehir Büyükşehir Belediyesi,sentetik_belge,04_diger_resmi_yazisma/10_iade_yetkisizlik/DY-208.md
DY-209,diger_resmi_yazisma,10_iade_yetkisizlik,Belirtilmemiş Başlık,Trabzon Valiliği,sentetik_belge,04_diger_resmi_yazisma/10_iade_yetkisizlik/DY-209.md
DY-210,diger_resmi_yazisma,10_iade_yetkisizlik,Belirtilmemiş Başlık,"Konya Çevre, Şehircilik ve İklim Değişikliği İl Müdürlüğü",sentetik_belge,04_diger_resmi_yazisma/10_iade_yetkisizlik/DY-210.md
DY-211,diger_resmi_yazisma,10_iade_yetkisizlik,Belirtilmemiş Başlık,Kamu Denetçiliği Kurumu,sentetik_belge,04_diger_resmi_yazisma/10_iade_yetkisizlik/DY-211.md
UY-001,ust_yazi,04_gorevlendirme_personel,Araştırma Eczacısı Görevlendirme Üst Yazı Örneği,Van Eğitim ve Araştırma Hastanesi,resmi_sablon,01_ust_yazi/04_gorevlendirme_personel/UY-001_arastirma-eczacisi-gorevlendirme-ust-yazi-ornegi.md
UY-002,ust_yazi,04_gorevlendirme_personel,Araştırma Hemşiresi Görevlendirme Üst Yazı Örneği,Van Eğitim ve Araştırma Hastanesi,resmi_sablon,01_ust_yazi/04_gorevlendirme_personel/UY-002_arastirma-hemsiresi-gorevlendirme-ust-yazi-ornegi.md
UY-003,ust_yazi,02_basvuru_talep,Araştırma Ürünü İthalatı Üst Yazı Örneği,Van Eğitim ve Araştırma Hastanesi,resmi_sablon,01_ust_yazi/02_basvuru_talep/UY-003_arastirma-urunu-ithalati-ust-yazi-ornegi.md
UY-004,ust_yazi,01_ek_belge_iletimi,Biyolojik Materyal Transfer Formu Üst Yazı Örneği,Van Eğitim ve Araştırma Hastanesi,resmi_sablon,01_ust_yazi/01_ek_belge_iletimi/UY-004_biyolojik-materyal-transfer-formu-ust-yazi-ornegi.md
UY-005,ust_yazi,01_ek_belge_iletimi,Ciddi Advers Olay Bildirimi Üst Yazı Örneği,Van Eğitim ve Araştırma Hastanesi,resmi_sablon,01_ust_yazi/01_ek_belge_iletimi/UY-005_ciddi-advers-olay-bildirimi-ust-yazi-ornegi.md
UY-006,ust_yazi,06_rapor_sunum,SUSAR Altı Aylık Sıralı Liste Bildirimi Üst Yazı Örneği,Van Eğitim ve Araştırma Hastanesi,resmi_sablon,01_ust_yazi/06_rapor_sunum/UY-006_susar-alti-aylik-sirali-liste-bildirimi-ust-yazi-ornegi.md
UY-007,ust_yazi,02_basvuru_talep,Klinik Araştırma İlk Başvuru Üst Yazı Örneği,Van Eğitim ve Araştırma Hastanesi,resmi_sablon,01_ust_yazi/02_basvuru_talep/UY-007_klinik-arastirma-ilk-basvuru-ust-yazi-ornegi.md
UY-008,ust_yazi,04_gorevlendirme_personel,İzleyici (Monitör) Görevlendirme Üst Yazı Örneği,Van Eğitim ve Araştırma Hastanesi,resmi_sablon,01_ust_yazi/04_gorevlendirme_personel/UY-008_izleyici-monitor-gorevlendirme-ust-yazi-ornegi.md
UY-009,ust_yazi,01_ek_belge_iletimi,Klinik Araştırma Sonlandırma Bildirimi Üst Yazı Örneği,Van Eğitim ve Araştırma Hastanesi,resmi_sablon,01_ust_yazi/01_ek_belge_iletimi/UY-009_klinik-arastirma-sonlandirma-bildirimi-ust-yazi-ornegi.md
UY-010,ust_yazi,02_basvuru_talep,Önemli Değişiklik Başvurusu Üst Yazı Örneği,Van Eğitim ve Araştırma Hastanesi,resmi_sablon,01_ust_yazi/02_basvuru_talep/UY-010_onemli-degisiklik-basvurusu-ust-yazi-ornegi.md
UY-011,ust_yazi,04_gorevlendirme_personel,Saha Görevlisi Yetkilendirme Üst Yazı Örneği,Van Eğitim ve Araştırma Hastanesi,resmi_sablon,01_ust_yazi/04_gorevlendirme_personel/UY-011_saha-gorevlisi-yetkilendirme-ust-yazi-ornegi.md
UY-012,ust_yazi,03_onay_izin,Sigorta Süre Uzatma Üst Yazı Örneği,Van Eğitim ve Araştırma Hastanesi,resmi_sablon,01_ust_yazi/03_onay_izin/UY-012_sigorta-sure-uzatma-ust-yazi-ornegi.md
UY-013,ust_yazi,04_gorevlendirme_personel,Yardımcı Araştırmacı Görevlendirme Üst Yazı Örneği,Van Eğitim ve Araştırma Hastanesi,resmi_sablon,01_ust_yazi/04_gorevlendirme_personel/UY-013_yardimci-arastirmaci-gorevlendirme-ust-yazi-ornegi.md
UY-014,ust_yazi,06_rapor_sunum,Yıllık Bildirim Üst Yazı Örneği,Van Eğitim ve Araştırma Hastanesi,resmi_sablon,01_ust_yazi/06_rapor_sunum/UY-014_yillik-bildirim-ust-yazi-ornegi.md
UY-015,ust_yazi,06_rapor_sunum,Yıllık Güvenlik Raporu Bildirimi Üst Yazı Örneği,Van Eğitim ve Araştırma Hastanesi,resmi_sablon,01_ust_yazi/06_rapor_sunum/UY-015_yillik-guvenlik-raporu-bildirimi-ust-yazi-ornegi.md
UY-016,ust_yazi,01_ek_belge_iletimi,Başlama Tarihi Bildirimi Üst Yazısı,Kahramanmaraş Sütçü İmam Üniversitesi,resmi_sablon,01_ust_yazi/01_ek_belge_iletimi/UY-016_baslama-tarihi-bildirimi-ust-yazisi.md
UY-017,ust_yazi,01_ek_belge_iletimi,İlk Gönüllü İlk Vizit Tarihi Bildirimi Üst Yazısı,Kahramanmaraş Sütçü İmam Üniversitesi,resmi_sablon,01_ust_yazi/01_ek_belge_iletimi/UY-017_ilk-gonullu-ilk-vizit-tarihi-bildirimi-ust-yazisi.md
UY-018,ust_yazi,01_ek_belge_iletimi,Gönüllü Alımı Sonlanım Tarihi Bildirimi Üst Yazısı,Kahramanmaraş Sütçü İmam Üniversitesi,resmi_sablon,01_ust_yazi/01_ek_belge_iletimi/UY-018_gonullu-alimi-sonlanim-tarihi-bildirimi-ust-yazisi.md
UY-019,ust_yazi,06_rapor_sunum,Yıllık Bildirim Üst Yazısı - KSÜ,Kahramanmaraş Sütçü İmam Üniversitesi,resmi_sablon,01_ust_yazi/06_rapor_sunum/UY-019_yillik-bildirim-ust-yazisi-ksu.md
UY-020,ust_yazi,01_ek_belge_iletimi,Araştırmanın Tamamlanması Bildirimi Üst Yazısı - KSÜ,Kahramanmaraş Sütçü İmam Üniversitesi,resmi_sablon,01_ust_yazi/01_ek_belge_iletimi/UY-020_arastirmanin-tamamlanmasi-bildirimi-ust-yazisi-ksu.md
UY-021,ust_yazi,06_rapor_sunum,Araştırma Sonuç Raporu Bildirimi Üst Yazısı,Kahramanmaraş Sütçü İmam Üniversitesi,resmi_sablon,01_ust_yazi/06_rapor_sunum/UY-021_arastirma-sonuc-raporu-bildirimi-ust-yazisi.md
UY-022,ust_yazi,01_ek_belge_iletimi,Araştırmanın Tüm Ülkelerde Tamamlanması Bildirimi Üst Yazısı - KSÜ,Kahramanmaraş Sütçü İmam Üniversitesi,resmi_sablon,01_ust_yazi/01_ek_belge_iletimi/UY-022_arastirmanin-tum-ulkelerde-tamamlanmasi-bildirimi-ust-yazisi-ksu.md
UY-023,ust_yazi,01_ek_belge_iletimi,SUSAR Bildirimi Üst Yazı Örneği - KSÜ,Kahramanmaraş Sütçü İmam Üniversitesi,resmi_sablon,01_ust_yazi/01_ek_belge_iletimi/UY-023_susar-bildirimi-ust-yazi-ornegi-ksu.md
UY-024,ust_yazi,06_rapor_sunum,Yurt Dışı SUSAR Sıralı Liste Bildirimi Üst Yazısı - KSÜ,Kahramanmaraş Sütçü İmam Üniversitesi,resmi_sablon,01_ust_yazi/06_rapor_sunum/UY-024_yurt-disi-susar-sirali-liste-bildirimi-ust-yazisi-ksu.md
UY-025,ust_yazi,06_rapor_sunum,DSUR Bildirimi Üst Yazı Örneği - KSÜ,Kahramanmaraş Sütçü İmam Üniversitesi,resmi_sablon,01_ust_yazi/06_rapor_sunum/UY-025_dsur-bildirimi-ust-yazi-ornegi-ksu.md
UY-026,ust_yazi,01_ek_belge_iletimi,Ölümle Sonuçlanan Ciddi Advers Olay Bildirimi Üst Yazısı - KSÜ,Kahramanmaraş Sütçü İmam Üniversitesi,resmi_sablon,01_ust_yazi/01_ek_belge_iletimi/UY-026_olumle-sonuclanan-ciddi-advers-olay-bildirimi-ust-yazisi-ksu.md
UY-027,ust_yazi,04_gorevlendirme_personel,Personel Görevlendirme Bildirimi Üst Yazısı - KSÜ,Kahramanmaraş Sütçü İmam Üniversitesi,resmi_sablon,01_ust_yazi/04_gorevlendirme_personel/UY-027_personel-gorevlendirme-bildirimi-ust-yazisi-ksu.md
UY-028,ust_yazi,02_basvuru_talep,Araştırma Ürünü İthalatı Üst Yazısı - KSÜ,Kahramanmaraş Sütçü İmam Üniversitesi,resmi_sablon,01_ust_yazi/02_basvuru_talep/UY-028_arastirma-urunu-ithalati-ust-yazisi-ksu.md
UY-029,ust_yazi,02_basvuru_talep,Araştırmacı Toplantısı Üst Yazısı - KSÜ,Kahramanmaraş Sütçü İmam Üniversitesi,resmi_sablon,01_ust_yazi/02_basvuru_talep/UY-029_arastirmaci-toplantisi-ust-yazisi-ksu.md
UY-030,ust_yazi,04_gorevlendirme_personel,Atama Üst Yazı Örneği,Doğubayazıt İlçe Millî Eğitim Müdürlüğü,resmi_sablon,01_ust_yazi/04_gorevlendirme_personel/UY-030_atama-ust-yazi-ornegi.md
UY-031,ust_yazi,04_gorevlendirme_personel,Ayrılış Üst Yazı Örneği,Doğubayazıt İlçe Millî Eğitim Müdürlüğü,resmi_sablon,01_ust_yazi/04_gorevlendirme_personel/UY-031_ayrilis-ust-yazi-ornegi.md
UY-032,ust_yazi,03_onay_izin,Kurum Müdürü Vekâlet Onayı Üst Yazı Örneği,Doğubayazıt İlçe Millî Eğitim Müdürlüğü,resmi_sablon,01_ust_yazi/03_onay_izin/UY-032_kurum-muduru-vekalet-onayi-ust-yazi-ornegi.md
UY-033,ust_yazi,02_basvuru_talep,Sertifika İptal Üst Yazı Örneği,Doğubayazıt İlçe Millî Eğitim Müdürlüğü,resmi_sablon,01_ust_yazi/02_basvuru_talep/UY-033_sertifika-iptal-ust-yazi-ornegi.md
UY-034,ust_yazi,03_onay_izin,Sözleşme Yenileme Üst Yazı Örneği,Doğubayazıt İlçe Millî Eğitim Müdürlüğü,resmi_sablon,01_ust_yazi/03_onay_izin/UY-034_sozlesme-yenileme-ust-yazi-ornegi.md
UY-035,ust_yazi,02_basvuru_talep,Tez Konusu İçin SUAM'a Yazılacak Üst Yazı Örneği,Sağlık Bilimleri Üniversitesi Hamidiye Tıp Fakültesi,resmi_sablon,01_ust_yazi/02_basvuru_talep/UY-035_tez-konusu-icin-suam-a-yazilacak-ust-yazi-ornegi.md
UY-036,ust_yazi,04_gorevlendirme_personel,Uzmanlık Eğitimi Tez Sınav Jürisi Üst Yazı Örneği,Sağlık Bilimleri Üniversitesi Hamidiye Tıp Fakültesi,resmi_sablon,01_ust_yazi/04_gorevlendirme_personel/UY-036_uzmanlik-egitimi-tez-sinav-jurisi-ust-yazi-ornegi.md
UY-037,ust_yazi,04_gorevlendirme_personel,Uzmanlık Eğitimi Bitirme Sınav Jürisi Üst Yazı Örneği,Sağlık Bilimleri Üniversitesi Hamidiye Tıp Fakültesi,resmi_sablon,01_ust_yazi/04_gorevlendirme_personel/UY-037_uzmanlik-egitimi-bitirme-sinav-jurisi-ust-yazi-ornegi.md
UY-038,ust_yazi,02_basvuru_talep,Uzmanlık Eğitimi Tescil Talebi Üst Yazı Örneği,Sağlık Bilimleri Üniversitesi Hamidiye Tıp Fakültesi,resmi_sablon,01_ust_yazi/02_basvuru_talep/UY-038_uzmanlik-egitimi-tescil-talebi-ust-yazi-ornegi.md
UY-039,ust_yazi,01_ek_belge_iletimi,Birimler Tarafından Gönderilecek Üst Yazı Örneği,Sinop Üniversitesi KOSGEB-TEKMER Koordinasyon Birimi,resmi_sablon,01_ust_yazi/01_ek_belge_iletimi/UY-039_birimler-tarafindan-gonderilecek-ust-yazi-ornegi.md
UY-040,ust_yazi,01_ek_belge_iletimi,Girişimcilik Dersini Başarıyla Bitiren Öğrenci Listesi Üst Yazı Örneği,Sinop Üniversitesi KOSGEB-TEKMER Koordinasyon Birimi,resmi_sablon,01_ust_yazi/01_ek_belge_iletimi/UY-040_girisimcilik-dersini-basariyla-bitiren-ogrenci-listesi-ust-yazi-ornegi.md
UY-041,ust_yazi,01_ek_belge_iletimi,Dekanlığa Sevk Üst Yazı Örneği (Bölüm Başkanlıkları),Erciyes Üniversitesi Güzel Sanatlar Fakültesi,resmi_sablon,01_ust_yazi/01_ek_belge_iletimi/UY-041_dekanliga-sevk-ust-yazi-ornegi-bolum-baskanliklari.md
UY-042,ust_yazi,01_ek_belge_iletimi,Komisyona Sevk Üst Yazı Örneği (Dekanlık),Erciyes Üniversitesi Güzel Sanatlar Fakültesi,resmi_sablon,01_ust_yazi/01_ek_belge_iletimi/UY-042_komisyona-sevk-ust-yazi-ornegi-dekanlik.md
UY-043,ust_yazi,06_rapor_sunum,"Başlama, İlk Gönüllü, Gönüllü Sonlanımı, Yıllık ve Sonuç Raporu Üst Yazıları Paketi",Afyonkarahisar İl Sağlık Müdürlüğü,resmi_sablon,01_ust_yazi/06_rapor_sunum/UY-043_baslama-ilk-gonullu-gonullu-sonlanimi-yillik-ve-sonuc-raporu-ust-yazilar.md
UY-044,ust_yazi,01_ek_belge_iletimi,Araştırmanın Tamamlanması Bildirimi Üst Yazısı - Afyon,Afyonkarahisar İl Sağlık Müdürlüğü,resmi_sablon,01_ust_yazi/01_ek_belge_iletimi/UY-044_arastirmanin-tamamlanmasi-bildirimi-ust-yazisi-afyon.md
UY-045,ust_yazi,01_ek_belge_iletimi,Araştırmanın Tüm Ülkelerde Tamamlanması Üst Yazısı - Afyon,Afyonkarahisar İl Sağlık Müdürlüğü,resmi_sablon,01_ust_yazi/01_ek_belge_iletimi/UY-045_arastirmanin-tum-ulkelerde-tamamlanmasi-ust-yazisi-afyon.md
UY-046,ust_yazi,01_ek_belge_iletimi,SUSAR Bildirimi Üst Yazı Örneği - Afyon,Afyonkarahisar İl Sağlık Müdürlüğü,resmi_sablon,01_ust_yazi/01_ek_belge_iletimi/UY-046_susar-bildirimi-ust-yazi-ornegi-afyon.md
UY-047,ust_yazi,06_rapor_sunum,Yurt Dışı SUSAR Sıralı Liste Bildirimi Üst Yazısı - Afyon,Afyonkarahisar İl Sağlık Müdürlüğü,resmi_sablon,01_ust_yazi/06_rapor_sunum/UY-047_yurt-disi-susar-sirali-liste-bildirimi-ust-yazisi-afyon.md
UY-048,ust_yazi,06_rapor_sunum,DSUR Bildirimi Üst Yazı Örneği - Afyon,Afyonkarahisar İl Sağlık Müdürlüğü,resmi_sablon,01_ust_yazi/06_rapor_sunum/UY-048_dsur-bildirimi-ust-yazi-ornegi-afyon.md
UY-049,ust_yazi,01_ek_belge_iletimi,Ölümle Sonuçlanan Ciddi Olumsuz Olay Bildirimi Üst Yazısı - Afyon,Afyonkarahisar İl Sağlık Müdürlüğü,resmi_sablon,01_ust_yazi/01_ek_belge_iletimi/UY-049_olumle-sonuclanan-ciddi-olumsuz-olay-bildirimi-ust-yazisi-afyon.md
UY-050,ust_yazi,04_gorevlendirme_personel,Personel Görevlendirme Üst Yazı Örneği - Afyon,Afyonkarahisar İl Sağlık Müdürlüğü,resmi_sablon,01_ust_yazi/04_gorevlendirme_personel/UY-050_personel-gorevlendirme-ust-yazi-ornegi-afyon.md
UY-201,ust_yazi,05_teklif_proje,Belirtilmemiş Başlık,Hacettepe Üniversitesi Rektörlüğü,sentetik_belge,01_ust_yazi/05_teklif_proje/UY-201.md
UY-202,ust_yazi,05_teklif_proje,Belirtilmemiş Başlık,Bursa Büyükşehir Belediye Başkanlığı,sentetik_belge,01_ust_yazi/05_teklif_proje/UY-202.md
UY-203,ust_yazi,05_teklif_proje,Belirtilmemiş Başlık,Türkiye Çevre Koruma Vakfı,sentetik_belge,01_ust_yazi/05_teklif_proje/UY-203.md
UY-204,ust_yazi,05_teklif_proje,Belirtilmemiş Başlık,Orta Doğu Teknik Üniversitesi,sentetik_belge,01_ust_yazi/05_teklif_proje/UY-204.md
UY-205,ust_yazi,05_teklif_proje,Belirtilmemiş Başlık,Antalya Büyükşehir Belediye Başkanlığı,sentetik_belge,01_ust_yazi/05_teklif_proje/UY-205.md
UY-206,ust_yazi,05_teklif_proje,Belirtilmemiş Başlık,Erzurum Şehir Hastanesi,sentetik_belge,01_ust_yazi/05_teklif_proje/UY-206.md
